Episode,Max Score,Moving Avg. (100 eps)
1,0.0,0.0
2,0.0,0.0
3,0.0,0.0
4,0.0,0.0
5,0.0,0.0
6,0.0,0.0
7,0.0,0.0
8,0.0,0.0
9,0.0,0.0
10,0.0,0.0
11,0.0,0.0
12,0.0,0.0
13,0.0,0.0
14,0.0,0.0
15,0.0,0.0
16,0.0,0.0
17,0.0,0.0
18,0.0,0.0
19,0.0,0.0
20,0.0,0.0
21,0.0,0.0
22,0.0,0.0
23,0.0,0.0
24,0.0,0.0
25,0.0,0.0
26,0.0,0.0
27,0.0,0.0
28,0.0,0.0
29,0.0,0.0
30,0.0,0.0
31,0.0,0.0
32,0.0,0.0
33,0.0,0.0
34,0.0,0.0
35,0.0,0.0
36,0.0,0.0
37,0.0,0.0
38,0.0,0.0
39,0.0,0.0
40,0.0,0.0
41,0.0,0.0
42,0.0,0.0
43,0.0,0.0
44,0.0,0.0
45,0.0,0.0
46,0.0,0.0
47,0.0,0.0
48,0.0,0.0
49,0.0,0.0
50,0.0,0.0
51,0.0,0.0
52,0.0,0.0
53,0.0,0.0
54,0.0,0.0
55,0.0,0.0
56,0.0,0.0
57,0.0,0.0
58,0.0,0.0
59,0.0,0.0
60,0.0,0.0
61,0.0,0.0
62,0.0,0.0
63,0.0,0.0
64,0.0,0.0
65,0.0,0.0
66,0.0,0.0
67,0.0,0.0
68,0.0,0.0
69,0.0,0.0
70,0.0,0.0
71,0.0,0.0
72,0.0,0.0
73,0.0,0.0
74,0.0,0.0
75,0.0,0.0
76,0.0,0.0
77,0.0,0.0
78,0.0,0.0
79,0.0,0.0
80,0.0,0.0
81,0.0,0.0
82,0.0,0.0
83,0.0,0.0
84,0.0,0.0
85,0.0,0.0
86,0.0,0.0
87,0.0,0.0
88,0.0,0.0
89,0.0,0.0
90,0.0,0.0
91,0.0,0.0
92,0.0,0.0
93,0.0,0.0
94,0.0,0.0
95,0.0,0.0
96,0.0,0.0
97,0.0,0.0
98,0.0,0.0
99,0.0,0.0
100,0.0,0.0
101,0.0,0.0
102,0.0,0.0
103,0.0,0.0
104,0.0,0.0
105,0.0,0.0
106,0.0,0.0
107,0.0,0.0
108,0.0,0.0
109,0.0,0.0
110,0.0,0.0
111,0.0,0.0
112,0.0,0.0
113,0.0,0.0
114,0.0,0.0
115,0.0,0.0
116,0.0,0.0
117,0.0,0.0
118,0.0,0.0
119,0.0,0.0
120,0.0,0.0
121,0.0,0.0
122,0.0,0.0
123,0.0,0.0
124,0.0,0.0
125,0.0,0.0
126,0.0,0.0
127,0.0,0.0
128,0.0,0.0
129,0.0,0.0
130,0.0,0.0
131,0.0,0.0
132,0.0,0.0
133,0.0,0.0
134,0.0,0.0
135,0.0,0.0
136,0.0,0.0
137,0.0,0.0
138,0.0,0.0
139,0.0,0.0
140,0.0,0.0
141,0.0,0.0
142,0.0,0.0
143,0.0,0.0
144,0.0,0.0
145,0.0,0.0
146,0.0,0.0
147,0.0,0.0
148,0.0,0.0
149,0.0,0.0
150,0.0,0.0
151,0.0,0.0
152,0.0,0.0
153,0.0,0.0
154,0.0,0.0
155,0.0,0.0
156,0.0,0.0
157,0.0,0.0
158,0.0,0.0
159,0.0,0.0
160,0.0,0.0
161,0.0,0.0
162,0.0,0.0
163,0.0,0.0
164,0.0,0.0
165,0.0,0.0
166,0.0,0.0
167,0.0,0.0
168,0.0,0.0
169,0.0,0.0
170,0.0,0.0
171,0.0,0.0
172,0.0,0.0
173,0.0,0.0
174,0.0,0.0
175,0.0,0.0
176,0.0,0.0
177,0.0,0.0
178,0.0,0.0
179,0.0,0.0
180,0.0,0.0
181,0.0,0.0
182,0.0,0.0
183,0.0,0.0
184,0.0,0.0
185,0.0,0.0
186,0.0,0.0
187,0.0,0.0
188,0.0,0.0
189,0.0,0.0
190,0.0,0.0
191,0.0,0.0
192,0.0,0.0
193,0.0,0.0
194,0.0,0.0
195,0.0,0.0
196,0.0,0.0
197,0.0,0.0
198,0.0,0.0
199,0.0,0.0
200,0.0,0.0
201,0.0,0.0
202,0.0,0.0
203,0.0,0.0
204,0.0,0.0
205,0.0,0.0
206,0.0,0.0
207,0.0,0.0
208,0.0,0.0
209,0.0,0.0
210,0.0,0.0
211,0.0,0.0
212,0.0,0.0
213,0.0,0.0
214,0.0,0.0
215,0.0,0.0
216,0.0,0.0
217,0.0,0.0
218,0.0,0.0
219,0.0,0.0
220,0.0,0.0
221,0.0,0.0
222,0.0,0.0
223,0.0,0.0
224,0.0,0.0
225,0.0,0.0
226,0.0,0.0
227,0.0,0.0
228,0.0,0.0
229,0.0,0.0
230,0.0,0.0
231,0.0,0.0
232,0.0,0.0
233,0.0,0.0
234,0.0,0.0
235,0.0,0.0
236,0.0,0.0
237,0.0,0.0
238,0.0,0.0
239,0.0,0.0
240,0.0,0.0
241,0.0,0.0
242,0.0,0.0
243,0.0,0.0
244,0.0,0.0
245,0.0,0.0
246,0.0,0.0
247,0.0,0.0
248,0.0,0.0
249,0.0,0.0
250,0.0,0.0
251,0.0,0.0
252,0.0,0.0
253,0.0,0.0
254,0.0,0.0
255,0.0,0.0
256,0.0,0.0
257,0.0,0.0
258,0.0,0.0
259,0.0,0.0
260,0.0,0.0
261,0.0,0.0
262,0.0,0.0
263,0.0,0.0
264,0.0,0.0
265,0.0,0.0
266,0.0,0.0
267,0.0,0.0
268,0.0,0.0
269,0.0,0.0
270,0.0,0.0
271,0.0,0.0
272,0.0,0.0
273,0.0,0.0
274,0.0,0.0
275,0.0,0.0
276,0.0,0.0
277,0.0,0.0
278,0.0,0.0
279,0.0,0.0
280,0.0,0.0
281,0.0,0.0
282,0.0,0.0
283,0.0,0.0
284,0.0,0.0
285,0.0,0.0
286,0.0,0.0
287,0.0,0.0
288,0.0,0.0
289,0.0,0.0
290,0.0,0.0
291,0.0,0.0
292,0.0,0.0
293,0.0,0.0
294,0.0,0.0
295,0.0,0.0
296,0.0,0.0
297,0.0,0.0
298,0.0,0.0
299,0.0,0.0
300,0.0,0.0
301,0.0,0.0
302,0.0,0.0
303,0.0,0.0
304,0.0,0.0
305,0.0,0.0
306,0.0,0.0
307,0.0,0.0
308,0.0,0.0
309,0.0,0.0
310,0.0,0.0
311,0.0,0.0
312,0.0,0.0
313,0.0,0.0
314,0.0,0.0
315,0.0,0.0
316,0.0,0.0
317,0.0,0.0
318,0.0,0.0
319,0.0,0.0
320,0.0,0.0
321,0.0,0.0
322,0.0,0.0
323,0.0,0.0
324,0.0,0.0
325,0.0,0.0
326,0.0,0.0
327,0.0,0.0
328,0.0,0.0
329,0.0,0.0
330,0.0,0.0
331,0.0,0.0
332,0.0,0.0
333,0.0,0.0
334,0.0,0.0
335,0.10000000149011612,0.0010000000149011613
336,0.0,0.0010000000149011613
337,0.0,0.0010000000149011613
338,0.0,0.0010000000149011613
339,0.10000000149011612,0.0020000000298023225
340,0.0,0.0020000000298023225
341,0.0,0.0020000000298023225
342,0.0,0.0020000000298023225
343,0.0,0.0020000000298023225
344,0.0,0.0020000000298023225
345,0.0,0.0020000000298023225
346,0.0,0.0020000000298023225
347,0.0,0.0020000000298023225
348,0.0,0.0020000000298023225
349,0.0,0.0020000000298023225
350,0.0,0.0020000000298023225
351,0.0,0.0020000000298023225
352,0.0,0.0020000000298023225
353,0.0,0.0020000000298023225
354,0.0,0.0020000000298023225
355,0.0,0.0020000000298023225
356,0.0,0.0020000000298023225
357,0.0,0.0020000000298023225
358,0.0,0.0020000000298023225
359,0.0,0.0020000000298023225
360,0.0,0.0020000000298023225
361,0.0,0.0020000000298023225
362,0.0,0.0020000000298023225
363,0.0,0.0020000000298023225
364,0.0,0.0020000000298023225
365,0.0,0.0020000000298023225
366,0.0,0.0020000000298023225
367,0.0,0.0020000000298023225
368,0.0,0.0020000000298023225
369,0.0,0.0020000000298023225
370,0.0,0.0020000000298023225
371,0.0,0.0020000000298023225
372,0.0,0.0020000000298023225
373,0.0,0.0020000000298023225
374,0.0,0.0020000000298023225
375,0.0,0.0020000000298023225
376,0.0,0.0020000000298023225
377,0.0,0.0020000000298023225
378,0.0,0.0020000000298023225
379,0.0,0.0020000000298023225
380,0.0,0.0020000000298023225
381,0.0,0.0020000000298023225
382,0.0,0.0020000000298023225
383,0.0,0.0020000000298023225
384,0.0,0.0020000000298023225
385,0.0,0.0020000000298023225
386,0.0,0.0020000000298023225
387,0.0,0.0020000000298023225
388,0.0,0.0020000000298023225
389,0.0,0.0020000000298023225
390,0.0,0.0020000000298023225
391,0.0,0.0020000000298023225
392,0.0,0.0020000000298023225
393,0.0,0.0020000000298023225
394,0.0,0.0020000000298023225
395,0.0,0.0020000000298023225
396,0.0,0.0020000000298023225
397,0.0,0.0020000000298023225
398,0.0,0.0020000000298023225
399,0.0,0.0020000000298023225
400,0.0,0.0020000000298023225
401,0.0,0.0020000000298023225
402,0.0,0.0020000000298023225
403,0.0,0.0020000000298023225
404,0.0,0.0020000000298023225
405,0.0,0.0020000000298023225
406,0.0,0.0020000000298023225
407,0.0,0.0020000000298023225
408,0.0,0.0020000000298023225
409,0.0,0.0020000000298023225
410,0.0,0.0020000000298023225
411,0.0,0.0020000000298023225
412,0.0,0.0020000000298023225
413,0.0,0.0020000000298023225
414,0.0,0.0020000000298023225
415,0.0,0.0020000000298023225
416,0.0,0.0020000000298023225
417,0.0,0.0020000000298023225
418,0.0,0.0020000000298023225
419,0.0,0.0020000000298023225
420,0.0,0.0020000000298023225
421,0.0,0.0020000000298023225
422,0.10000000149011612,0.0030000000447034836
423,0.0,0.0030000000447034836
424,0.0,0.0030000000447034836
425,0.0,0.0030000000447034836
426,0.0,0.0030000000447034836
427,0.0,0.0030000000447034836
428,0.0,0.0030000000447034836
429,0.0,0.0030000000447034836
430,0.0,0.0030000000447034836
431,0.0,0.0030000000447034836
432,0.0,0.0030000000447034836
433,0.0,0.0030000000447034836
434,0.0,0.0030000000447034836
435,0.0,0.0020000000298023225
436,0.0,0.0020000000298023225
437,0.0,0.0020000000298023225
438,0.0,0.0020000000298023225
439,0.0,0.0010000000149011613
440,0.0,0.0010000000149011613
441,0.0,0.0010000000149011613
442,0.0,0.0010000000149011613
443,0.0,0.0010000000149011613
444,0.0,0.0010000000149011613
445,0.0,0.0010000000149011613
446,0.0,0.0010000000149011613
447,0.0,0.0010000000149011613
448,0.0,0.0010000000149011613
449,0.0,0.0010000000149011613
450,0.0,0.0010000000149011613
451,0.0,0.0010000000149011613
452,0.10000000149011612,0.0020000000298023225
453,0.0,0.0020000000298023225
454,0.0,0.0020000000298023225
455,0.09000000171363354,0.0029000000469386576
456,0.0,0.0029000000469386576
457,0.0,0.0029000000469386576
458,0.0,0.0029000000469386576
459,0.0,0.0029000000469386576
460,0.0,0.0029000000469386576
461,0.0,0.0029000000469386576
462,0.09000000171363354,0.003800000064074993
463,0.0,0.003800000064074993
464,0.0,0.003800000064074993
465,0.0,0.003800000064074993
466,0.09000000171363354,0.004700000081211329
467,0.0,0.004700000081211329
468,0.10000000149011612,0.00570000009611249
469,0.09000000171363354,0.006600000113248825
470,0.0,0.006600000113248825
471,0.09000000171363354,0.007500000130385161
472,0.10000000149011612,0.008500000145286322
473,0.10000000149011612,0.009500000160187483
474,0.09000000171363354,0.010400000177323818
475,0.0,0.010400000177323818
476,0.09000000171363354,0.011300000194460154
477,0.0,0.011300000194460154
478,0.0,0.011300000194460154
479,0.0,0.011300000194460154
480,0.10000000149011612,0.012300000209361315
481,0.0,0.012300000209361315
482,0.0,0.012300000209361315
483,0.20000000298023224,0.014300000239163637
484,0.09000000171363354,0.015200000256299973
485,0.0,0.015200000256299973
486,0.0,0.015200000256299973
487,0.0,0.015200000256299973
488,0.0,0.015200000256299973
489,0.10000000149011612,0.016200000271201134
490,0.0,0.016200000271201134
491,0.0,0.016200000271201134
492,0.0,0.016200000271201134
493,0.10000000149011612,0.017200000286102295
494,0.0,0.017200000286102295
495,0.0,0.017200000286102295
496,0.0,0.017200000286102295
497,0.10000000149011612,0.018200000301003456
498,0.09000000171363354,0.01910000031813979
499,0.09000000171363354,0.020000000335276127
500,0.10000000149011612,0.021000000350177288
501,0.0,0.021000000350177288
502,0.0,0.021000000350177288
503,0.09000000171363354,0.021900000367313623
504,0.10000000149011612,0.022900000382214784
505,0.0,0.022900000382214784
506,0.10000000149011612,0.023900000397115945
507,0.10000000149011612,0.024900000412017106
508,0.0,0.024900000412017106
509,0.0,0.024900000412017106
510,0.0,0.024900000412017106
511,0.0,0.024900000412017106
512,0.0,0.024900000412017106
513,0.0,0.024900000412017106
514,0.0,0.024900000412017106
515,0.0,0.024900000412017106
516,0.0,0.024900000412017106
517,0.0,0.024900000412017106
518,0.0,0.024900000412017106
519,0.0,0.024900000412017106
520,0.0,0.024900000412017106
521,0.0,0.024900000412017106
522,0.0,0.023900000397115945
523,0.0,0.023900000397115945
524,0.0,0.023900000397115945
525,0.0,0.023900000397115945
526,0.0,0.023900000397115945
527,0.0,0.023900000397115945
528,0.0,0.023900000397115945
529,0.0,0.023900000397115945
530,0.0,0.023900000397115945
531,0.0,0.023900000397115945
532,0.0,0.023900000397115945
533,0.0,0.023900000397115945
534,0.0,0.023900000397115945
535,0.0,0.023900000397115945
536,0.0,0.023900000397115945
537,0.0,0.023900000397115945
538,0.0,0.023900000397115945
539,0.0,0.023900000397115945
540,0.0,0.023900000397115945
541,0.0,0.023900000397115945
542,0.0,0.023900000397115945
543,0.0,0.023900000397115945
544,0.0,0.023900000397115945
545,0.0,0.023900000397115945
546,0.0,0.023900000397115945
547,0.0,0.023900000397115945
548,0.0,0.023900000397115945
549,0.0,0.023900000397115945
550,0.0,0.023900000397115945
551,0.0,0.023900000397115945
552,0.0,0.022900000382214784
553,0.0,0.022900000382214784
554,0.0,0.022900000382214784
555,0.0,0.02200000036507845
556,0.0,0.02200000036507845
557,0.0,0.02200000036507845
558,0.0,0.02200000036507845
559,0.0,0.02200000036507845
560,0.0,0.02200000036507845
561,0.0,0.02200000036507845
562,0.0,0.021100000347942113
563,0.0,0.021100000347942113
564,0.0,0.021100000347942113
565,0.0,0.021100000347942113
566,0.0,0.020200000330805778
567,0.0,0.020200000330805778
568,0.0,0.019200000315904617
569,0.0,0.01830000029876828
570,0.0,0.01830000029876828
571,0.0,0.017400000281631946
572,0.0,0.016400000266730785
573,0.0,0.015400000251829624
574,0.0,0.014500000234693288
575,0.0,0.014500000234693288
576,0.0,0.013600000217556953
577,0.0,0.013600000217556953
578,0.0,0.013600000217556953
579,0.0,0.013600000217556953
580,0.0,0.012600000202655792
581,0.0,0.012600000202655792
582,0.0,0.012600000202655792
583,0.0,0.01060000017285347
584,0.0,0.009700000155717134
585,0.0,0.009700000155717134
586,0.0,0.009700000155717134
587,0.0,0.009700000155717134
588,0.0,0.009700000155717134
589,0.0,0.008700000140815973
590,0.0,0.008700000140815973
591,0.0,0.008700000140815973
592,0.0,0.008700000140815973
593,0.0,0.007700000125914812
594,0.0,0.007700000125914812
595,0.0,0.007700000125914812
596,0.0,0.007700000125914812
597,0.0,0.006700000111013651
598,0.0,0.005800000093877315
599,0.0,0.00490000007674098
600,0.0,0.003900000061839819
601,0.0,0.003900000061839819
602,0.0,0.003900000061839819
603,0.0,0.0030000000447034836
604,0.0,0.0020000000298023225
605,0.0,0.0020000000298023225
606,0.0,0.0010000000149011613
607,0.0,0.0
608,0.0,0.0
609,0.0,0.0
610,0.0,0.0
611,0.0,0.0
612,0.0,0.0
613,0.0,0.0
614,0.0,0.0
615,0.0,0.0
616,0.0,0.0
617,0.0,0.0
618,0.0,0.0
619,0.0,0.0
620,0.0,0.0
621,0.0,0.0
622,0.0,0.0
623,0.0,0.0
624,0.0,0.0
625,0.0,0.0
626,0.0,0.0
627,0.0,0.0
628,0.09000000171363354,0.0009000000171363354
629,0.0,0.0009000000171363354
630,0.0,0.0009000000171363354
631,0.0,0.0009000000171363354
632,0.0,0.0009000000171363354
633,0.0,0.0009000000171363354
634,0.0,0.0009000000171363354
635,0.0,0.0009000000171363354
636,0.0,0.0009000000171363354
637,0.0,0.0009000000171363354
638,0.0,0.0009000000171363354
639,0.0,0.0009000000171363354
640,0.0,0.0009000000171363354
641,0.0,0.0009000000171363354
642,0.10000000149011612,0.0019000000320374966
643,0.0,0.0019000000320374966
644,0.0,0.0019000000320374966
645,0.0,0.0019000000320374966
646,0.0,0.0019000000320374966
647,0.0,0.0019000000320374966
648,0.0,0.0019000000320374966
649,0.0,0.0019000000320374966
650,0.0,0.0019000000320374966
651,0.0,0.0019000000320374966
652,0.0,0.0019000000320374966
653,0.0,0.0019000000320374966
654,0.0,0.0019000000320374966
655,0.0,0.0019000000320374966
656,0.0,0.0019000000320374966
657,0.0,0.0019000000320374966
658,0.0,0.0019000000320374966
659,0.0,0.0019000000320374966
660,0.0,0.0019000000320374966
661,0.0,0.0019000000320374966
662,0.0,0.0019000000320374966
663,0.09000000171363354,0.002800000049173832
664,0.0,0.002800000049173832
665,0.0,0.002800000049173832
666,0.0,0.002800000049173832
667,0.0,0.002800000049173832
668,0.0,0.002800000049173832
669,0.0,0.002800000049173832
670,0.0,0.002800000049173832
671,0.0,0.002800000049173832
672,0.0,0.002800000049173832
673,0.0,0.002800000049173832
674,0.0,0.002800000049173832
675,0.0,0.002800000049173832
676,0.0,0.002800000049173832
677,0.0,0.002800000049173832
678,0.0,0.002800000049173832
679,0.0,0.002800000049173832
680,0.0,0.002800000049173832
681,0.0,0.002800000049173832
682,0.0,0.002800000049173832
683,0.0,0.002800000049173832
684,0.0,0.002800000049173832
685,0.0,0.002800000049173832
686,0.0,0.002800000049173832
687,0.0,0.002800000049173832
688,0.0,0.002800000049173832
689,0.0,0.002800000049173832
690,0.0,0.002800000049173832
691,0.0,0.002800000049173832
692,0.09000000171363354,0.003700000066310167
693,0.0,0.003700000066310167
694,0.0,0.003700000066310167
695,0.10000000149011612,0.004700000081211329
696,0.0,0.004700000081211329
697,0.0,0.004700000081211329
698,0.0,0.004700000081211329
699,0.0,0.004700000081211329
700,0.0,0.004700000081211329
701,0.0,0.004700000081211329
702,0.0,0.004700000081211329
703,0.0,0.004700000081211329
704,0.0,0.004700000081211329
705,0.0,0.004700000081211329
706,0.0,0.004700000081211329
707,0.0,0.004700000081211329
708,0.0,0.004700000081211329
709,0.0,0.004700000081211329
710,0.10000000149011612,0.00570000009611249
711,0.0,0.00570000009611249
712,0.10000000149011612,0.006700000111013651
713,0.10000000149011612,0.007700000125914812
714,0.0,0.007700000125914812
715,0.0,0.007700000125914812
716,0.0,0.007700000125914812
717,0.0,0.007700000125914812
718,0.0,0.007700000125914812
719,0.0,0.007700000125914812
720,0.0,0.007700000125914812
721,0.0,0.007700000125914812
722,0.0,0.007700000125914812
723,0.0,0.007700000125914812
724,0.0,0.007700000125914812
725,0.0,0.007700000125914812
726,0.0,0.007700000125914812
727,0.0,0.007700000125914812
728,0.0,0.006800000108778476
729,0.10000000149011612,0.007800000123679638
730,0.10000000149011612,0.008800000138580798
731,0.09000000171363354,0.009700000155717134
732,0.0,0.009700000155717134
733,0.0,0.009700000155717134
734,0.0,0.009700000155717134
735,0.0,0.009700000155717134
736,0.0,0.009700000155717134
737,0.0,0.009700000155717134
738,0.0,0.009700000155717134
739,0.10000000149011612,0.010700000170618295
740,0.0,0.010700000170618295
741,0.10000000149011612,0.011700000185519456
742,0.0,0.010700000170618295
743,0.0,0.010700000170618295
744,0.0,0.010700000170618295
745,0.0,0.010700000170618295
746,0.0,0.010700000170618295
747,0.0,0.010700000170618295
748,0.0,0.010700000170618295
749,0.0,0.010700000170618295
750,0.0,0.010700000170618295
751,0.0,0.010700000170618295
752,0.0,0.010700000170618295
753,0.0,0.010700000170618295
754,0.0,0.010700000170618295
755,0.0,0.010700000170618295
756,0.10000000149011612,0.011700000185519456
757,0.0,0.011700000185519456
758,0.0,0.011700000185519456
759,0.0,0.011700000185519456
760,0.0,0.011700000185519456
761,0.0,0.011700000185519456
762,0.0,0.011700000185519456
763,0.0,0.010800000168383122
764,0.0,0.010800000168383122
765,0.0,0.010800000168383122
766,0.0,0.010800000168383122
767,0.0,0.010800000168383122
768,0.0,0.010800000168383122
769,0.0,0.010800000168383122
770,0.0,0.010800000168383122
771,0.0,0.010800000168383122
772,0.0,0.010800000168383122
773,0.0,0.010800000168383122
774,0.0,0.010800000168383122
775,0.0,0.010800000168383122
776,0.0,0.010800000168383122
777,0.0,0.010800000168383122
778,0.0,0.010800000168383122
779,0.0,0.010800000168383122
780,0.0,0.010800000168383122
781,0.0,0.010800000168383122
782,0.0,0.010800000168383122
783,0.0,0.010800000168383122
784,0.0,0.010800000168383122
785,0.0,0.010800000168383122
786,0.0,0.010800000168383122
787,0.0,0.010800000168383122
788,0.0,0.010800000168383122
789,0.0,0.010800000168383122
790,0.0,0.010800000168383122
791,0.0,0.010800000168383122
792,0.10000000149011612,0.010900000166147948
793,0.10000000149011612,0.011900000181049109
794,0.0,0.011900000181049109
795,0.0,0.010900000166147948
796,0.0,0.010900000166147948
797,0.0,0.010900000166147948
798,0.0,0.010900000166147948
799,0.0,0.010900000166147948
800,0.0,0.010900000166147948
801,0.0,0.010900000166147948
802,0.0,0.010900000166147948
803,0.0,0.010900000166147948
804,0.0,0.010900000166147948
805,0.0,0.010900000166147948
806,0.0,0.010900000166147948
807,0.0,0.010900000166147948
808,0.0,0.010900000166147948
809,0.0,0.010900000166147948
810,0.0,0.009900000151246787
811,0.20000000298023224,0.011900000181049109
812,0.0,0.010900000166147948
813,0.0,0.009900000151246787
814,0.0,0.009900000151246787
815,0.0,0.009900000151246787
816,0.0,0.009900000151246787
817,0.0,0.009900000151246787
818,0.0,0.009900000151246787
819,0.09000000171363354,0.010800000168383122
820,0.0,0.010800000168383122
821,0.0,0.010800000168383122
822,0.0,0.010800000168383122
823,0.0,0.010800000168383122
824,0.0,0.010800000168383122
825,0.0,0.010800000168383122
826,0.0,0.010800000168383122
827,0.10000000149011612,0.011800000183284283
828,0.0,0.011800000183284283
829,0.0,0.010800000168383122
830,0.0,0.00980000015348196
831,0.0,0.008900000136345626
832,0.0,0.008900000136345626
833,0.0,0.008900000136345626
834,0.0,0.008900000136345626
835,0.0,0.008900000136345626
836,0.0,0.008900000136345626
837,0.0,0.008900000136345626
838,0.0,0.008900000136345626
839,0.0,0.007900000121444463
840,0.0,0.007900000121444463
841,0.0,0.006900000106543303
842,0.0,0.006900000106543303
843,0.0,0.006900000106543303
844,0.10000000149011612,0.007900000121444463
845,0.0,0.007900000121444463
846,0.10000000149011612,0.008900000136345626
847,0.0,0.008900000136345626
848,0.0,0.008900000136345626
849,0.0,0.008900000136345626
850,0.0,0.008900000136345626
851,0.0,0.008900000136345626
852,0.0,0.008900000136345626
853,0.0,0.008900000136345626
854,0.0,0.008900000136345626
855,0.0,0.008900000136345626
856,0.0,0.007900000121444463
857,0.0,0.007900000121444463
858,0.0,0.007900000121444463
859,0.0,0.007900000121444463
860,0.0,0.007900000121444463
861,0.10000000149011612,0.008900000136345626
862,0.0,0.008900000136345626
863,0.10000000149011612,0.009900000151246787
864,0.0,0.009900000151246787
865,0.10000000149011612,0.010900000166147948
866,0.0,0.010900000166147948
867,0.10000000149011612,0.011900000181049109
868,0.09000000171363354,0.012800000198185444
869,0.0,0.012800000198185444
870,0.0,0.012800000198185444
871,0.0,0.012800000198185444
872,0.0,0.012800000198185444
873,0.0,0.012800000198185444
874,0.0,0.012800000198185444
875,0.0,0.012800000198185444
876,0.0,0.012800000198185444
877,0.0,0.012800000198185444
878,0.0,0.012800000198185444
879,0.10000000149011612,0.013800000213086605
880,0.10000000149011612,0.014800000227987766
881,0.0,0.014800000227987766
882,0.0,0.014800000227987766
883,0.09000000171363354,0.0157000002451241
884,0.0,0.0157000002451241
885,0.0,0.0157000002451241
886,0.0,0.0157000002451241
887,0.0,0.0157000002451241
888,0.09000000171363354,0.016600000262260436
889,0.10000000149011612,0.017600000277161597
890,0.10000000149011612,0.018600000292062758
891,0.0,0.018600000292062758
892,0.0,0.017600000277161597
893,0.0,0.016600000262260436
894,0.0,0.016600000262260436
895,0.0,0.016600000262260436
896,0.0,0.016600000262260436
897,0.0,0.016600000262260436
898,0.0,0.016600000262260436
899,0.0,0.016600000262260436
900,0.0,0.016600000262260436
901,0.0,0.016600000262260436
902,0.10000000149011612,0.017600000277161597
903,0.0,0.017600000277161597
904,0.10000000149011612,0.018600000292062758
905,0.10000000149011612,0.01960000030696392
906,0.0,0.01960000030696392
907,0.09000000357627869,0.02050000034272671
908,0.0,0.02050000034272671
909,0.0,0.02050000034272671
910,0.09000000171363354,0.021400000359863044
911,0.0,0.01940000033006072
912,0.10000000149011612,0.02040000034496188
913,0.0,0.02040000034496188
914,0.09000000171363354,0.021300000362098215
915,0.0,0.021300000362098215
916,0.0,0.021300000362098215
917,0.09000000171363354,0.02220000037923455
918,0.10000000149011612,0.023200000394135712
919,0.10000000149011612,0.02330000039190054
920,0.0,0.02330000039190054
921,0.09000000171363354,0.024200000409036873
922,0.10000000149011612,0.025200000423938038
923,0.10000000149011612,0.0262000004388392
924,0.10000000149011612,0.02720000045374036
925,0.09000000171363354,0.028100000470876695
926,0.10000000149011612,0.029100000485777856
927,0.0,0.028100000470876695
928,0.10000000149011612,0.029100000485777856
929,0.0,0.029100000485777856
930,0.0,0.029100000485777856
931,0.0,0.029100000485777856
932,0.0,0.029100000485777856
933,0.0,0.029100000485777856
934,0.10000000149011612,0.030100000500679017
935,0.09000000171363354,0.031000000517815353
936,0.09000000171363354,0.031900000534951685
937,0.09000000171363354,0.032800000552088024
938,0.10000000149011612,0.03380000056698918
939,0.09000000171363354,0.03470000058412552
940,0.10000000149011612,0.03570000059902668
941,0.10000000149011612,0.03670000061392784
942,0.10000000149011612,0.037700000628829
943,0.09000000171363354,0.03860000064596534
944,0.10000000149011612,0.03860000064596534
945,0.10000000149011612,0.0396000006608665
946,0.0,0.03860000064596534
947,0.20000000298023224,0.04060000067576766
948,0.10000000149011612,0.04160000069066882
949,0.09000000171363354,0.04250000070780516
950,0.09000000171363354,0.04340000072494149
951,0.10000000149011612,0.044400000739842654
952,0.10000000149011612,0.04540000075474381
953,0.09000000171363354,0.04630000077188015
954,0.10000000149011612,0.04730000078678131
955,0.0,0.04730000078678131
956,0.10000000149011612,0.04830000080168247
957,0.10000000149011612,0.04930000081658363
958,0.10000000149011612,0.050300000831484795
959,0.10000000149011612,0.05130000084638595
960,0.09000000171363354,0.05220000086352229
961,0.10000000149011612,0.05220000086352229
962,0.10000000149011612,0.05320000087842345
963,0.10000000149011612,0.05320000087842345
964,0.10000000149011612,0.054200000893324614
965,0.10000000149011612,0.054200000893324614
966,0.10000000149011612,0.05520000090822577
967,0.09000000171363354,0.055100000910460946
968,0.0,0.054200000893324614
969,0.10000000149011612,0.05520000090822577
970,0.09000000171363354,0.05610000092536211
971,0.10000000149011612,0.05710000094026327
972,0.10000000149011612,0.05810000095516443
973,0.0,0.05810000095516443
974,0.10000000149011612,0.0591000009700656
975,0.10000000149011612,0.060100000984966755
976,0.0,0.060100000984966755
977,0.0,0.060100000984966755
978,0.10000000149011612,0.06110000099986792
979,0.09000000171363354,0.061000001002103094
980,0.09000000171363354,0.06090000100433826
981,0.0,0.06090000100433826
982,0.0,0.06090000100433826
983,0.0,0.06000000098720193
984,0.09000000171363354,0.06090000100433826
985,0.0,0.06090000100433826
986,0.0,0.06090000100433826
987,0.10000000149011612,0.061900001019239426
988,0.0,0.061000001002103094
989,0.0,0.06000000098720193
990,0.0,0.059000000972300765
991,0.10000000149011612,0.06000000098720193
992,0.10000000149011612,0.061000001002103094
993,0.0,0.061000001002103094
994,0.10000000149011612,0.06200000101700425
995,0.0,0.06200000101700425
996,0.09000000171363354,0.06290000103414059
997,0.0,0.06290000103414059
998,0.0,0.06290000103414059
999,0.0,0.06290000103414059
1000,0.0,0.06290000103414059
1001,0.10000000149011612,0.06390000104904175
1002,0.0,0.06290000103414059
1003,0.0,0.06290000103414059
1004,0.0,0.061900001019239426
1005,0.0,0.06090000100433826
1006,0.10000000149011612,0.061900001019239426
1007,0.0,0.06100000098347664
1008,0.0,0.06100000098347664
1009,0.09000000171363354,0.06190000100061297
1010,0.0,0.06100000098347664
1011,0.0,0.06100000098347664
1012,0.0,0.060000000968575475
1013,0.0,0.060000000968575475
1014,0.0,0.05910000095143914
1015,0.09000000171363354,0.060000000968575475
1016,0.0,0.060000000968575475
1017,0.0,0.05910000095143914
1018,0.0,0.05810000093653798
1019,0.0,0.05710000092163682
1020,0.0,0.05710000092163682
1021,0.10000000149011612,0.057200000919401646
1022,0.0,0.05620000090450048
1023,0.0,0.055200000889599324
1024,0.0,0.05420000087469816
1025,0.0,0.05330000085756183
1026,0.0,0.05230000084266066
1027,0.0,0.05230000084266066
1028,0.0,0.051300000827759505
1029,0.0,0.051300000827759505
1030,0.0,0.051300000827759505
1031,0.10000000149011612,0.05230000084266066
1032,0.0,0.05230000084266066
1033,0.0,0.05230000084266066
1034,0.0,0.051300000827759505
1035,0.09000000171363354,0.051300000827759505
1036,0.09000000171363354,0.051300000827759505
1037,0.0,0.050400000810623166
1038,0.0,0.04940000079572201
1039,0.10000000149011612,0.049500000793486834
1040,0.0,0.04850000077858567
1041,0.0,0.04750000076368451
1042,0.0,0.04650000074878335
1043,0.0,0.045600000731647015
1044,0.0,0.04460000071674585
1045,0.0,0.04360000070184469
1046,0.09000000171363354,0.044500000718981025
1047,0.0,0.0425000006891787
1048,0.09000000171363354,0.04240000069141388
1049,0.0,0.041500000674277546
1050,0.0,0.04060000065714121
1051,0.09000000171363354,0.04050000065937638
1052,0.09000000171363354,0.040400000661611556
1053,0.10000000149011612,0.04050000065937638
1054,0.09000000171363354,0.040400000661611556
1055,0.0,0.040400000661611556
1056,0.10000000149011612,0.040400000661611556
1057,0.09000000171363354,0.04030000066384673
1058,0.09000000171363354,0.040200000666081905
1059,0.09000000171363354,0.04010000066831708
1060,0.09000000171363354,0.04010000066831708
1061,0.0,0.03910000065341592
1062,0.10000000149011612,0.03910000065341592
1063,0.0,0.03810000063851476
1064,0.09000000171363354,0.03800000064074993
1065,0.10000000149011612,0.03800000064074993
1066,0.09000000171363354,0.037900000642985106
1067,0.09000000171363354,0.037900000642985106
1068,0.0,0.037900000642985106
1069,0.09000000171363354,0.03780000064522028
1070,0.10000000149011612,0.037900000642985106
1071,0.10000000149011612,0.037900000642985106
1072,0.0,0.03690000062808394
1073,0.0,0.03690000062808394
1074,0.09000000171363354,0.036800000630319116
1075,0.0,0.03580000061541796
1076,0.09000000171363354,0.03670000063255429
1077,0.09000000171363354,0.03760000064969063
1078,0.0,0.036600000634789465
1079,0.10000000149011612,0.03670000063255429
1080,0.0,0.03580000061541796
1081,0.09000000171363354,0.03670000063255429
1082,0.0,0.03670000063255429
1083,0.09000000171363354,0.03760000064969063
1084,0.09000000171363354,0.03760000064969063
1085,0.09000000171363354,0.03850000066682696
1086,0.10000000149011612,0.039500000681728126
1087,0.09000000171363354,0.0394000006839633
1088,0.10000000149011612,0.04040000069886446
1089,0.10000000149011612,0.04140000071376562
1090,0.09000000171363354,0.042300000730901954
1091,0.09000000171363354,0.04220000073313713
1092,0.09000000171363354,0.0421000007353723
1093,0.10000000149011612,0.04310000075027347
1094,0.10000000149011612,0.04310000075027347
1095,0.09000000171363354,0.0440000007674098
1096,0.10000000149011612,0.044100000765174625
1097,0.10000000149011612,0.04510000078007579
1098,0.10000000149011612,0.04610000079497695
1099,0.0,0.04610000079497695
1100,0.10000000149011612,0.04710000080987811
1101,0.09000000171363354,0.047000000812113286
1102,0.09000000171363354,0.04790000082924962
1103,0.09000000171363354,0.04880000084638596
1104,0.09000000171363354,0.04970000086352229
1105,0.10000000149011612,0.050700000878423454
1106,0.10000000149011612,0.050700000878423454
1107,0.09000000171363354,0.051600000895559786
1108,0.09000000171363354,0.052500000912696125
1109,0.10000000149011612,0.05260000091046095
1110,0.0,0.05260000091046095
1111,0.09000000171363354,0.05350000092759728
1112,0.09000000171363354,0.05440000094473362
1113,0.0,0.05440000094473362
1114,0.09000000171363354,0.055300000961869954
1115,0.10000000149011612,0.05540000095963478
1116,0.09000000171363354,0.05630000097677112
1117,0.09000000171363354,0.05720000099390745
1118,0.10000000149011612,0.058200001008808615
1119,0.09000000171363354,0.05910000102594495
1120,0.09000000171363354,0.060000001043081286
1121,0.09000000171363354,0.05990000104531646
1122,0.10000000149011612,0.06090000106021762
1123,0.10000000149011612,0.06190000107511878
1124,0.10000000149011612,0.06290000109001995
1125,0.10000000149011612,0.0639000011049211
1126,0.09000000171363354,0.06480000112205744
1127,0.09000000171363354,0.06570000113919378
1128,0.10000000149011612,0.06670000115409494
1129,0.10000000149011612,0.06770000116899609
1130,0.09000000171363354,0.06860000118613244
1131,0.10000000149011612,0.06860000118613244
1132,0.09000000171363354,0.06950000120326877
1133,0.10000000149011612,0.07050000121816993
1134,0.09000000171363354,0.07140000123530627
1135,0.0,0.07050000121816993
1136,0.10000000149011612,0.07060000121593475
1137,0.09000000171363354,0.07150000123307108
1138,0.09000000171363354,0.07240000125020743
1139,0.10000000149011612,0.07240000125020743
1140,0.10000000149011612,0.07340000126510858
1141,0.09000000171363354,0.07430000128224493
1142,0.10000000149011612,0.07530000129714608
1143,0.20000000298023224,0.0773000013269484
1144,0.09000000171363354,0.07820000134408474
1145,0.09000000171363354,0.07910000136122107
1146,0.10000000149011612,0.0792000013589859
1147,0.09000000171363354,0.08010000137612223
1148,0.10000000149011612,0.08020000137388707
1149,0.09000000171363354,0.0811000013910234
1150,0.10000000149011612,0.08210000140592456
1151,0.09000000171363354,0.08210000140592456
1152,0.10000000149011612,0.08220000140368938
1153,0.10000000149011612,0.08220000140368938
1154,0.09000000171363354,0.08220000140368938
1155,0.0,0.08220000140368938
1156,0.09000000171363354,0.08210000140592456
1157,0.10000000149011612,0.08220000140368938
1158,0.09000000171363354,0.08220000140368938
1159,0.10000000149011612,0.08230000140145421
1160,0.0,0.08140000138431787
1161,0.10000000149011612,0.08240000139921903
1162,0.10000000149011612,0.08240000139921903
1163,0.10000000149011612,0.0834000014141202
1164,0.10000000149011612,0.08350000141188502
1165,0.09000000171363354,0.0834000014141202
1166,0.10000000149011612,0.08350000141188502
1167,0.10000000149011612,0.08360000140964985
1168,0.10000000149011612,0.08460000142455101
1169,0.10000000149011612,0.08470000142231583
1170,0.09000000171363354,0.08460000142455101
1171,0.10000000149011612,0.08460000142455101
1172,0.09000000171363354,0.08550000144168735
1173,0.10000000149011612,0.08650000145658851
1174,0.09000000171363354,0.08650000145658851
1175,0.09000000171363354,0.08740000147372484
1176,0.0,0.08650000145658851
1177,0.10000000149011612,0.08660000145435333
1178,0.10000000149011612,0.0876000014692545
1179,0.09000000171363354,0.08750000147148967
1180,0.10000000149011612,0.08850000148639083
1181,0.09000000171363354,0.08850000148639083
1182,0.0,0.08850000148639083
1183,0.09000000171363354,0.08850000148639083
1184,0.10000000149011612,0.08860000148415566
1185,0.09000000171363354,0.08860000148415566
1186,0.0,0.0876000014692545
1187,0.09000000171363354,0.0876000014692545
1188,0.20000000298023224,0.08860000148415566
1189,0.10000000149011612,0.08860000148415566
1190,0.10000000149011612,0.08870000148192048
1191,0.09000000171363354,0.08870000148192048
1192,0.0,0.08780000146478414
1193,0.10000000149011612,0.08780000146478414
1194,0.09000000171363354,0.08770000146701933
1195,0.10000000149011612,0.08780000146478414
1196,0.09000000171363354,0.08770000146701933
1197,0.30000000447034836,0.08970000149682164
1198,0.10000000149011612,0.08970000149682164
1199,0.09000000171363354,0.09060000151395797
1200,0.10000000149011612,0.09060000151395797
1201,0.10000000149011612,0.0907000015117228
1202,0.09000000171363354,0.0907000015117228
1203,0.10000000149011612,0.09080000150948762
1204,0.0,0.08990000149235129
1205,0.20000000298023224,0.09090000150725246
1206,0.10000000149011612,0.09090000150725246
1207,0.20000000298023224,0.09200000151991844
1208,0.10000000149011612,0.09210000151768327
1209,0.10000000149011612,0.09210000151768327
1210,0.7900000121444464,0.10000000163912773
1211,0.09000000171363354,0.10000000163912773
1212,0.4000000059604645,0.10310000168159604
1213,0.10000000149011612,0.1041000016964972
1214,0.0,0.10320000167936087
1215,0.10000000149011612,0.10320000167936087
1216,0.10000000149011612,0.10330000167712569
1217,0.10000000149011612,0.10340000167489052
1218,0.10000000149011612,0.10340000167489052
1219,0.0,0.10250000165775418
1220,0.10000000149011612,0.10260000165551901
1221,0.0,0.10170000163838268
1222,0.19000000320374966,0.10260000165551901
1223,0.30000000447034836,0.10460000168532133
1224,0.20000000298023224,0.10560000170022249
1225,0.10000000149011612,0.10560000170022249
1226,0.10000000149011612,0.10570000169798732
1227,0.0,0.10480000168085098
1228,0.09000000171363354,0.10470000168308616
1229,0.09000000357627869,0.10460000170394779
1230,0.10000000149011612,0.1047000017017126
1231,0.0,0.10370000168681144
1232,0.10000000149011612,0.10380000168457627
1233,0.0,0.10280000166967511
1234,0.10000000149011612,0.10290000166743994
1235,0.10000000149011612,0.10390000168234109
1236,0.10000000149011612,0.10390000168234109
1237,0.10000000149011612,0.10400000168010592
1238,0.10000000149011612,0.10410000167787076
1239,0.0,0.10310000166296959
1240,0.19000000320374966,0.10400000168010592
1241,0.20000000298023224,0.10510000169277191
1242,0.0,0.10410000167787076
1243,0.20000000298023224,0.10410000167787076
1244,0.20000000298023224,0.10520000169053674
1245,0.10000000149011612,0.10530000168830156
1246,0.10000000149011612,0.10530000168830156
1247,0.10000000149011612,0.10540000168606639
1248,0.10000000149011612,0.10540000168606639
1249,0.10000000149011612,0.10550000168383121
1250,0.10000000149011612,0.10550000168383121
1251,0.20000000298023224,0.1066000016964972
1252,0.10000000149011612,0.1066000016964972
1253,0.10000000149011612,0.1066000016964972
1254,0.10000000149011612,0.10670000169426203
1255,0.10000000149011612,0.10770000170916319
1256,0.10000000149011612,0.10780000170692801
1257,0.10000000149011612,0.10780000170692801
1258,0.5000000074505806,0.11190000176429749
1259,0.10000000149011612,0.11190000176429749
1260,0.10000000149011612,0.11290000177919865
1261,0.10000000149011612,0.11290000177919865
1262,0.10000000149011612,0.11290000177919865
1263,0.10000000149011612,0.11290000177919865
1264,0.0,0.11190000176429749
1265,0.4000000059604645,0.1150000018067658
1266,0.09000000171363354,0.11490000180900097
1267,0.10000000149011612,0.11490000180900097
1268,0.09000000171363354,0.11480000181123615
1269,0.10000000149011612,0.11480000181123615
1270,0.20000000298023224,0.11590000182390213
1271,0.20000000298023224,0.1169000018388033
1272,0.4000000059604645,0.1200000018812716
1273,0.10000000149011612,0.1200000018812716
1274,0.20000000298023224,0.12110000189393759
1275,0.10000000149011612,0.12120000189170241
1276,0.20000000298023224,0.12320000192150474
1277,0.7000000104308128,0.1292000020109117
1278,0.10000000149011612,0.1292000020109117
1279,0.10000000149011612,0.12930000200867653
1280,0.10000000149011612,0.12930000200867653
1281,0.10000000149011612,0.12940000200644136
1282,0.20000000298023224,0.1314000020362437
1283,0.20000000298023224,0.13250000204890966
1284,0.20000000298023224,0.13350000206381082
1285,0.10000000149011612,0.13360000206157566
1286,0.5000000074505806,0.13860000213608145
1287,0.20000000298023224,0.13970000214874745
1288,0.10000000149011612,0.13870000213384628
1289,0.19000000320374966,0.13960000215098262
1290,0.10000000149011612,0.13960000215098262
1291,0.10000000149011612,0.13970000214874745
1292,0.20000000298023224,0.14170000217854978
1293,0.10000000149011612,0.14170000217854978
1294,0.19000000320374966,0.14270000219345091
1295,0.30000000447034836,0.14470000222325324
1296,0.0,0.1438000022061169
1297,0.10000000149011612,0.14180000217631458
1298,0.10000000149011612,0.14180000217631458
1299,0.19000000320374966,0.14280000219121575
1300,0.19000000320374966,0.14370000220835208
1301,0.10000000149011612,0.14370000220835208
1302,0.10000000149011612,0.1438000022061169
1303,0.10000000149011612,0.1438000022061169
1304,0.10000000149011612,0.14480000222101808
1305,0.09000000171363354,0.14370000220835208
1306,0.0,0.14270000219345091
1307,0.10000000149011612,0.14170000217854978
1308,0.10000000149011612,0.14170000217854978
1309,0.10000000149011612,0.14170000217854978
1310,0.10000000149011612,0.13480000207200646
1311,0.10000000149011612,0.1349000020697713
1312,0.10000000149011612,0.1319000020250678
1313,0.09000000171363354,0.131800002027303
1314,0.10000000149011612,0.13280000204220413
1315,0.19000000320374966,0.1337000020593405
1316,0.20000000298023224,0.13470000207424163
1317,0.10000000149011612,0.13470000207424163
1318,0.19000000320374966,0.13560000209137799
1319,0.20000000298023224,0.1376000021211803
1320,0.30000000447034836,0.13960000215098262
1321,0.09000000171363354,0.14050000216811895
1322,0.20000000298023224,0.14060000216588378
1323,0.10000000149011612,0.13860000213608145
1324,0.10000000149011612,0.1376000021211803
1325,0.10000000149011612,0.1376000021211803
1326,0.10000000149011612,0.1376000021211803
1327,0.20000000298023224,0.13960000215098262
1328,0.20000000298023224,0.1407000021636486
1329,0.10000000149011612,0.14080000214278698
1330,0.10000000149011612,0.14080000214278698
1331,0.20000000298023224,0.1428000021725893
1332,0.10000000149011612,0.1428000021725893
1333,0.20000000298023224,0.14480000220239161
1334,0.20000000298023224,0.14580000221729278
1335,0.20000000298023224,0.14680000223219394
1336,0.10000000149011612,0.14680000223219394
1337,0.10000000149011612,0.14680000223219394
1338,0.20000000298023224,0.1478000022470951
1339,0.10000000149011612,0.14880000226199627
1340,0.0,0.14690000222995878
1341,0.5000000074505806,0.14990000227466227
1342,0.10000000149011612,0.1509000022895634
1343,0.6000000089406967,0.15490000234916806
1344,0.19000000320374966,0.15480000235140323
1345,0.10000000149011612,0.15480000235140323
1346,0.10000000149011612,0.15480000235140323
1347,0.10000000149011612,0.15480000235140323
1348,0.10000000149011612,0.15480000235140323
1349,0.09000000171363354,0.1547000023536384
1350,0.10000000149011612,0.1547000023536384
1351,0.10000000149011612,0.15370000233873726
1352,0.20000000298023224,0.1547000023536384
1353,0.20000000298023224,0.15570000236853956
1354,0.09000000171363354,0.15560000237077476
1355,0.10000000149011612,0.15560000237077476
1356,0.10000000149011612,0.15560000237077476
1357,0.20000000298023224,0.1566000023856759
1358,0.10000000149011612,0.15260000232607127
1359,0.10000000149011612,0.15260000232607127
1360,0.09000000171363354,0.15250000232830643
1361,0.10000000149011612,0.15250000232830643
1362,0.20000000298023224,0.1535000023432076
1363,0.19000000320374966,0.15440000236034393
1364,0.10000000149011612,0.1554000023752451
1365,0.19000000320374966,0.15330000234767793
1366,0.10000000149011612,0.15340000234544277
1367,0.10000000149011612,0.15340000234544277
1368,0.10000000149011612,0.1535000023432076
1369,0.10000000149011612,0.1535000023432076
1370,0.10000000149011612,0.15250000232830643
1371,0.20000000298023224,0.15250000232830643
1372,0.10000000149011612,0.14950000228360294
1373,0.10000000149011612,0.14950000228360294
1374,0.10000000149011612,0.1485000022687018
1375,0.10000000149011612,0.1485000022687018
1376,0.10000000149011612,0.14750000225380064
1377,0.09000000171363354,0.14140000216662885
1378,0.10000000149011612,0.14140000216662885
1379,0.19000000320374966,0.14230000218376518
1380,0.20000000298023224,0.14330000219866634
1381,0.10000000149011612,0.14330000219866634
1382,0.20000000298023224,0.14330000219866634
1383,0.10000000149011612,0.14230000218376518
1384,0.20000000298023224,0.14230000218376518
1385,0.30000000447034836,0.1443000022135675
1386,0.10000000149011612,0.14030000215396285
1387,0.10000000149011612,0.13930000213906168
1388,0.10000000149011612,0.13930000213906168
1389,0.0,0.1374000021070242
1390,0.10000000149011612,0.1374000021070242
1391,0.10000000149011612,0.1374000021070242
1392,0.10000000149011612,0.13640000209212302
1393,0.20000000298023224,0.1374000021070242
1394,0.20000000298023224,0.13750000210478902
1395,0.0,0.13450000206008553
1396,0.20000000298023224,0.13650000208988786
1397,0.20000000298023224,0.13750000210478902
1398,0.30000000447034836,0.13950000213459135
1399,0.10000000149011612,0.13860000211745502
1400,0.10000000149011612,0.13770000210031866
1401,0.10000000149011612,0.13770000210031866
1402,0.20000000298023224,0.13870000211521982
1403,0.10000000149011612,0.13870000211521982
1404,0.30000000447034836,0.14070000214502215
1405,0.0,0.13980000212788582
1406,0.09000000171363354,0.14070000214502215
1407,0.10000000149011612,0.14070000214502215
1408,0.10000000149011612,0.14070000214502215
1409,0.10000000149011612,0.14070000214502215
1410,0.6000000089406967,0.14570000221952795
1411,0.4000000059604645,0.14870000226423144
1412,0.4000000059604645,0.15170000230893493
1413,0.10000000149011612,0.15180000230669977
1414,0.10000000149011612,0.15180000230669977
1415,0.4000000059604645,0.1539000023342669
1416,0.10000000149011612,0.15290000231936574
1417,0.30000000447034836,0.15490000234916806
1418,0.4000000059604645,0.1570000023767352
1419,0.19000000320374966,0.1569000023789704
1420,0.20000000298023224,0.15590000236406923
1421,0.10000000149011612,0.15600000236183406
1422,0.10000000149011612,0.1550000023469329
1423,0.4000000059604645,0.15800000239163636
1424,0.6000000089406967,0.16300000246614219
1425,0.10000000149011612,0.16300000246614219
1426,0.19000000320374966,0.16390000248327852
1427,0.10000000149011612,0.16290000246837735
1428,0.10000000149011612,0.1619000024534762
1429,0.10000000149011612,0.1619000024534762
1430,0.30000000447034836,0.16390000248327852
1431,0.20000000298023224,0.16390000248327852
1432,0.10000000149011612,0.16390000248327852
1433,0.20000000298023224,0.16390000248327852
1434,0.10000000149011612,0.16290000246837735
1435,0.09000000171363354,0.16180000245571136
1436,0.10000000149011612,0.16180000245571136
1437,0.490000007674098,0.16570000251755118
1438,0.10000000149011612,0.16470000250265002
1439,0.20000000298023224,0.16570000251755118
1440,0.20000000298023224,0.1677000025473535
1441,0.09000000171363354,0.16360000248998405
1442,0.20000000298023224,0.16460000250488518
1443,0.10000000149011612,0.1596000024303794
1444,0.10000000149011612,0.15870000241324306
1445,0.10000000149011612,0.15870000241324306
1446,0.6000000089406967,0.16370000248774885
1447,0.9000000134110451,0.17170000260695814
1448,0.30000000447034836,0.17370000263676047
1449,0.20000000298023224,0.17480000264942647
1450,0.30000000447034836,0.1768000026792288
1451,0.10000000149011612,0.1768000026792288
1452,1.0000000149011612,0.18480000279843808
1453,0.30000000447034836,0.18580000281333922
1454,0.20000000298023224,0.18690000282600522
1455,0.09000000171363354,0.18680000282824039
1456,0.10000000149011612,0.18680000282824039
1457,0.20000000298023224,0.18680000282824039
1458,0.20000000298023224,0.18780000284314155
1459,0.5000000074505806,0.1918000029027462
1460,0.09000000171363354,0.1918000029027462
1461,0.19000000320374966,0.19270000291988254
1462,0.10000000149011612,0.19170000290498138
1463,0.20000000298023224,0.1918000029027462
1464,0.10000000149011612,0.1918000029027462
1465,0.30000000447034836,0.19290000291541218
1466,0.10000000149011612,0.19290000291541218
1467,0.4000000059604645,0.19590000296011567
1468,0.30000000447034836,0.197900002989918
1469,0.4000000059604645,0.20090000303462147
1470,0.10000000149011612,0.20090000303462147
1471,0.10000000149011612,0.19990000301972033
1472,0.30000000447034836,0.20190000304952263
1473,0.20000000298023224,0.2029000030644238
1474,0.20000000298023224,0.20390000307932496
1475,0.10000000149011612,0.20390000307932496
1476,0.20000000298023224,0.20490000309422612
1477,0.10000000149011612,0.20500000309199096
1478,0.2900000046938658,0.20690000312402845
1479,0.20000000298023224,0.20700000312179326
1480,0.20000000298023224,0.20700000312179326
1481,0.10000000149011612,0.20700000312179326
1482,0.30000000447034836,0.20800000313669442
1483,0.10000000149011612,0.20800000313669442
1484,0.20000000298023224,0.20800000313669442
1485,0.20000000298023224,0.20700000312179326
1486,0.4000000059604645,0.21000000316649675
1487,0.30000000447034836,0.21200000319629908
1488,0.30000000447034836,0.2140000032261014
1489,0.4000000059604645,0.21800000328570604
1490,0.4000000059604645,0.22100000333040953
1491,0.4000000059604645,0.224000003375113
1492,0.19000000320374966,0.22490000339224936
1493,0.09000000171363354,0.22380000337958336
1494,0.20000000298023224,0.22380000337958336
1495,0.10000000149011612,0.22480000339448453
1496,0.09000000171363354,0.22370000338181853
1497,0.20000000298023224,0.22370000338181853
1498,0.30000000447034836,0.22370000338181853
1499,0.20000000298023224,0.2247000033967197
1500,0.20000000298023224,0.22570000341162086
1501,0.10000000149011612,0.22570000341162086
1502,0.6900000106543303,0.23060000348836185
1503,0.20000000298023224,0.23160000350326299
1504,0.4000000059604645,0.23260000351816415
1505,0.800000011920929,0.24060000363737344
1506,0.20000000298023224,0.24170000365003944
1507,0.10000000149011612,0.24170000365003944
1508,0.10000000149011612,0.24170000365003944
1509,0.5000000074505806,0.24570000370964407
1510,0.10000000149011612,0.24070000363513827
1511,0.20000000298023224,0.23870000360533594
1512,0.10000000149011612,0.23570000356063248
1513,0.10000000149011612,0.23570000356063248
1514,0.10000000149011612,0.23570000356063248
1515,0.10000000149011612,0.23270000351592898
1516,0.09000000171363354,0.23260000351816415
1517,0.10000000149011612,0.23060000348836185
1518,0.19000000320374966,0.2285000034607947
1519,0.10000000149011612,0.22760000344365836
1520,0.10000000149011612,0.2266000034287572
1521,0.10000000149011612,0.2266000034287572
1522,0.10000000149011612,0.2266000034287572
1523,0.10000000149011612,0.2236000033840537
1524,0.30000000447034836,0.22060000333935023
1525,0.0,0.21960000332444907
1526,0.10000000149011612,0.21870000330731273
1527,0.0,0.21770000329241157
1528,0.30000000447034836,0.2197000033222139
1529,0.20000000298023224,0.22070000333711504
1530,0.20000000298023224,0.2197000033222139
1531,0.0,0.21770000329241157
1532,0.20000000298023224,0.21870000330731273
1533,0.10000000149011612,0.21770000329241157
1534,0.20000000298023224,0.21870000330731273
1535,0.5000000074505806,0.2228000033646822
1536,0.20000000298023224,0.22380000337958336
1537,0.4000000059604645,0.22290000336244703
1538,0.10000000149011612,0.22290000336244703
1539,0.10000000149011612,0.22190000334754587
1540,0.0,0.21990000331774354
1541,0.0,0.2190000033006072
1542,0.20000000298023224,0.2190000033006072
1543,0.0,0.21800000328570604
1544,1.0000000149011612,0.2270000034198165
1545,0.490000007674098,0.23090000348165632
1546,1.4000000208616257,0.2389000036008656
1547,0.0,0.22990000346675515
1548,0.8900000136345625,0.23580000355839728
1549,0.19000000320374966,0.23570000356063248
1550,0.0,0.23270000351592898
1551,0.0,0.23170000350102782
1552,0.10000000149011612,0.22270000336691737
1553,0.9900000151246786,0.22960000347346068
1554,1.1000000163912773,0.23860000360757114
1555,0.6000000089406967,0.24370000367984176
1556,0.10000000149011612,0.24370000367984176
1557,1.3000000193715096,0.2547000038437545
1558,0.5000000074505806,0.25770000388845804
1559,0.10000000149011612,0.2537000038288534
1560,0.2900000046938658,0.2557000038586557
1561,0.10000000149011612,0.25480000384151935
1562,0.2900000046938658,0.25670000387355685
1563,0.5000000074505806,0.2597000039182603
1564,0.0,0.2587000039033592
1565,0.30000000447034836,0.2587000039033592
1566,0.20000000298023224,0.2597000039182603
1567,0.10000000149011612,0.25670000387355685
1568,0.20000000298023224,0.2557000038586557
1569,0.10000000149011612,0.2527000038139522
1570,0.4000000059604645,0.2557000038586557
1571,0.6000000089406967,0.2607000039331615
1572,0.0,0.25770000388845804
1573,0.20000000298023224,0.25770000388845804
1574,0.5000000074505806,0.2607000039331615
1575,0.20000000298023224,0.26170000394806264
1576,1.8000000268220901,0.2777000041864812
1577,0.10000000149011612,0.2777000041864812
1578,0.10000000149011612,0.2758000041544437
1579,2.1000000312924385,0.2948000044375658
1580,0.7000000104308128,0.2998000045120716
1581,0.9000000134110451,0.3078000046312809
1582,1.9000000283122063,0.32380000486969945
1583,0.6000000089406967,0.3288000049442053
1584,0.30000000447034836,0.32980000495910644
1585,0.30000000447034836,0.33080000497400763
1586,0.10000000149011612,0.3278000049293041
1587,0.0,0.32480000488460065
1588,0.20000000298023224,0.32380000486969945
1589,0.0,0.31980000481009485
1590,0.20000000298023224,0.3178000047802925
1591,0.6000000089406967,0.31980000481009485
1592,0.20000000298023224,0.3199000048078597
1593,0.30000000447034836,0.3220000048354268
1594,0.10000000149011612,0.32100000482052565
1595,0.5000000074505806,0.3250000048801303
1596,0.20000000298023224,0.3261000048927963
1597,0.4000000059604645,0.3281000049225986
1598,1.600000023841858,0.3411000051163137
1599,0.30000000447034836,0.34210000513121486
1600,0.9000000134110451,0.349100005235523
1601,0.0,0.34810000522062184
1602,0.20000000298023224,0.3432000051438808
1603,0.0,0.3412000051140785
1604,0.0,0.3372000050544739
1605,1.3000000193715096,0.3422000051289797
1606,0.20000000298023224,0.3422000051289797
1607,0.5000000074505806,0.34620000518858435
1608,1.4000000208616257,0.3592000053822994
1609,0.3900000061839819,0.35810000536963343
1610,0.30000000447034836,0.36010000539943576
1611,0.30000000447034836,0.3611000054143369
1612,0.10000000149011612,0.3611000054143369
1613,0.7000000104308128,0.3671000055037439
1614,0.0,0.36610000548884275
1615,0.0,0.36510000547394156
1616,0.20000000298023224,0.3662000054866075
1617,0.6900000106543303,0.3721000055782497
1618,0.0,0.3702000055462122
1619,0.5000000074505806,0.37420000560581684
1620,1.9000000283122063,0.39220000587403775
1621,0.10000000149011612,0.39220000587403775
1622,0.10000000149011612,0.39220000587403775
1623,0.10000000149011612,0.39220000587403775
1624,0.9000000134110451,0.39820000596344474
1625,0.6000000089406967,0.40420000605285167
1626,0.5000000074505806,0.4082000061124563
1627,0.7000000104308128,0.41520000621676445
1628,0.0,0.412200006172061
1629,0.6000000089406967,0.4162000062316656
1630,1.3000000193715096,0.42720000639557837
1631,0.20000000298023224,0.4292000064253807
1632,0.20000000298023224,0.4292000064253807
1633,1.1000000163912773,0.43920000657439234
1634,1.0000000149011612,0.4472000066936016
1635,0.4000000059604645,0.44620000667870047
1636,0.6000000089406967,0.45020000673830507
1637,0.10000000149011612,0.4472000066936016
1638,0.30000000447034836,0.44920000672340393
1639,0.10000000149011612,0.44920000672340393
1640,0.30000000447034836,0.4522000067681074
1641,0.800000011920929,0.4602000068873167
1642,0.10000000149011612,0.4592000068724155
1643,0.20000000298023224,0.46120000690221785
1644,1.0000000149011612,0.46120000690221785
1645,0.7000000104308128,0.463300006929785
1646,0.4000000059604645,0.4533000067807734
1647,0.7000000104308128,0.46030000688508155
1648,0.10000000149011612,0.45240000676363706
1649,2.2000000327825546,0.47250000705942513
1650,0.10000000149011612,0.47350000707432627
1651,0.7000000104308128,0.4805000071786344
1652,0.10000000149011612,0.4805000071786344
1653,0.20000000298023224,0.47260000705718996
1654,0.10000000149011612,0.4626000069081783
1655,0.10000000149011612,0.4576000068336725
1656,0.10000000149011612,0.4576000068336725
1657,0.10000000149011612,0.4456000066548586
1658,0.7000000104308128,0.44760000668466093
1659,0.20000000298023224,0.44860000669956207
1660,0.0,0.44570000665262344
1661,1.2000000178813934,0.45670000681653616
1662,1.5000000223517418,0.46880000699311497
1663,0.10000000149011612,0.4648000069335103
1664,1.3000000193715096,0.4778000071272254
1665,0.20000000298023224,0.47680000711232423
1666,0.10000000149011612,0.4758000070974231
1667,2.4900000374764204,0.4997000074572861
1668,0.20000000298023224,0.4997000074572861
1669,0.20000000298023224,0.5007000074721872
